,2004/12,2005/03,2005/06,2005/09,2005/12,2006/03,2006/06,2006/09,2006/12,2007/03,2007/06,2007/09,2007/12,2008/03,2008/06,2008/09,2008/12,2009/03,2009/06,2009/09,2009/12,2010/03,2010/06,2010/09,2010/12,2011/03,2011/06,2011/09,2011/12,2012/03,2012/06,2012/09,2012/12,2013/03
% of EPS-to-Industry,0.0,0.0,0.0,-7.3,29.9,40.8,36.5,48.6,60.6,53.7,60.7,58.3,56.8,52.0,42.6,39.8,39.7,44.7,62.8,73.3,61.0,63.8,65.0,85.2,87.2,79.6,34.7,-16.3,-45.7,-69.7,-133.4,-93.0,-59.3,-37.8
% of PE-to-Industry,0.0,0.0,0.0,0.0,0.0,0.0,0.0,0.0,0.0,0.0,0.0,0.0,53.2,54.0,61.9,96.4,125.9,175.5,132.4,111.5,147.4,121.9,111.0,81.2,55.2,50.9,119.0,0.0,0.0,0.0,0.0,0.0,0.0,0.0
% of ROE-to-Industry,0.0,0.0,0.0,0.0,178.1,0.0,0.0,0.0,122.0,0.0,0.0,85.5,110.9,107.9,89.7,83.4,73.3,80.6,106.5,73.9,67.2,75.0,78.9,100.0,98.9,88.2,37.6,0.0,0.0,0.0,0.0,0.0,0.0,0.0
% of current ratio-to-industry,0.0,0.0,0.0,0.0,123.1,0.0,0.0,0.0,107.7,0.0,0.0,135.7,150.0,150.0,150.0,150.0,157.1,178.6,214.3,321.4,307.1,178.6,164.3,164.3,200.0,226.7,231.3,275.0,253.3,153.3,0.0,133.3,120.0,153.3
% of debt/equity-to-industry,0.0,0.0,0.0,0.0,139.6,0.0,0.0,0.0,105.9,0.0,0.0,0.0,0.0,120.0,121.4,114.3,87.1,69.4,88.0,0.0,0.0,0.0,0.0,0.0,0.0,0.0,0.0,0.0,0.0,0.0,0.0,0.0,0.0,6.8
% of earnings-to-industry,0.2,0.0,0.0,0.6,1.0,1.1,1.1,1.4,1.1,1.0,0.9,0.9,1.0,0.9,0.7,0.6,0.7,0.7,1.0,1.1,1.1,1.2,1.2,1.7,1.6,1.5,0.7,-0.4,-2.8,-4.1,-14.2,-11.9,-1.3,-0.8
% of gross profit margin-to-industry,0.0,0.0,0.0,0.0,167.2,0.0,0.0,0.0,240.4,0.0,0.0,0.0,254.2,0.0,235.7,241.4,233.6,234.2,254.3,242.0,220.6,214.0,203.9,206.5,209.6,194.8,174.1,137.0,116.8,80.4,0.0,97.0,129.5,145.4
% of leverage-to-industry,0.0,0.0,0.0,0.0,77.8,0.0,0.0,0.0,63.9,0.0,0.0,51.7,53.6,70.4,69.2,69.2,64.3,60.7,59.3,46.2,46.2,46.2,48.0,52.0,48.0,48.0,50.0,46.2,42.9,46.4,0.0,44.8,48.3,44.8
% of net profit margin-to-industry,216.7,0.0,0.0,188.2,213.3,215.8,221.7,268.2,212.5,194.4,189.5,180.5,230.6,220.0,178.4,167.6,152.8,158.3,212.1,221.9,206.1,212.5,216.1,265.4,238.5,208.0,104.2,-70.8,-500.0,-827.3,0.0,-2500.0,-227.8,-140.0
% of post-tax profit margin-to-industry,216.7,0.0,0.0,188.2,200.0,205.0,212.5,245.8,200.0,184.2,180.0,176.2,224.3,213.9,178.4,163.2,152.8,158.3,205.9,221.9,206.1,212.5,216.1,255.6,229.6,200.0,100.0,-77.3,-625.0,-1011.1,0.0,-1875.0,-215.8,-131.3
% of pre-tax profit margin-to-industry,0.0,0.0,0.0,0.0,192.9,0.0,0.0,0.0,225.5,0.0,0.0,0.0,242.6,0.0,180.7,166.1,153.7,166.0,216.0,233.3,207.7,211.8,205.9,242.2,240.0,216.2,100.0,-73.7,-197.4,-360.5,0.0,-386.2,-211.1,-108.3
% of pric/free cashlow-to-industry,0.0,0.0,0.0,0.0,0.0,0.0,0.0,0.0,0.0,0.0,0.0,0.0,-1175.4,-1.3,-6.9,-11.8,-22.2,-34.7,-5.8,31.0,96.5,11.4,10.2,2.4,-5.3,-1090.6,-157.5,-75.2,-59.1,16.8,43.7,-2420.2,-5.4,-91.3
% of price-to-industry,0.0,0.0,0.0,0.0,0.0,0.0,0.0,0.0,0.0,0.0,0.0,0.0,30.3,28.1,26.4,38.2,50.0,78.6,83.3,81.5,89.7,77.5,72.2,68.9,48.1,40.4,41.4,37.6,31.7,30.0,34.2,31.4,30.6,38.0
% of price/book-to-industry,0.0,0.0,0.0,0.0,0.0,0.0,0.0,0.0,0.0,0.0,0.0,0.0,62.2,62.0,60.7,86.0,96.1,140.7,147.0,103.3,113.8,97.7,89.5,80.6,56.4,46.6,51.0,48.2,44.8,44.8,44.7,48.1,45.4,57.4
% of price/cashflow-to-industry,0.0,0.0,0.0,0.0,0.0,0.0,0.0,0.0,0.0,0.0,0.0,0.0,47.7,0.0,46.4,64.1,81.0,111.3,104.7,113.2,139.7,114.3,102.9,82.4,54.3,46.8,69.9,113.5,138.8,1101.5,-751.6,322.9,173.4,145.1
% of price/sales-to-industry,0.0,0.0,0.0,0.0,0.0,0.0,0.0,0.0,0.0,0.0,0.0,0.0,127.3,126.0,118.9,169.1,205.1,280.6,288.2,313.8,344.6,279.3,242.0,217.4,136.9,112.5,139.6,151.4,168.3,177.1,207.5,180.0,165.9,195.5
% of sales-to-industry,0.1,0.0,0.0,0.3,0.5,0.5,0.5,0.5,0.5,0.5,0.5,0.5,0.4,0.4,0.4,0.4,0.4,0.5,0.5,0.5,0.5,0.5,0.6,0.6,0.7,0.7,0.7,0.6,0.6,0.5,0.5,0.5,0.6,0.6
(increase) decrease in inventories,0.0,0.0,0.0,0.0,-0.0,0.0,0.0,0.0,0.0,0.0,0.0,-0.0,-0.1,0.0,-0.0,-0.0,-0.1,-0.4,-0.8,-1.0,-0.7,-0.7,0.0,-0.9,-1.5,-0.6,-1.1,-0.4,-0.4,0.0,-0.4,-0.2,-0.5,-0.7
(increase) decrease in other current assets,0.0,0.0,0.0,0.0,0.0,0.0,0.0,0.0,0.0,0.0,0.0,0.0,0.0,0.0,0.0,0.0,0.0,0.0,0.0,0.0,0.0,0.0,-7.3,-16.8,-13.7,0.0,0.0,0.0,0.0,-14.0,0.0,0.0,0.0,0.0
(increase) decrease in prepaid expenses,0.0,0.0,0.0,0.0,0.1,0.0,0.0,0.0,-0.0,0.0,0.0,-0.5,-0.2,-0.8,-3.2,-3.3,-2.4,1.1,1.5,1.4,1.6,-0.3,-0.5,0.6,-0.7,-0.7,0.3,1.0,-0.4,-0.1,-0.1,0.7,-0.5,0.5
(increase) decrease in receivables,0.0,0.0,0.0,0.0,-5.5,0.0,0.0,0.0,4.5,0.0,0.0,-11.2,-16.8,2.0,1.4,-2.8,-6.9,12.2,9.9,-2.4,-0.5,7.9,-8.3,4.4,-8.9,9.5,12.4,18.3,19.8,-7.8,-17.0,-0.8,-16.1,15.8
Basic EPS (Continuing),0.00,0.05,0.05,0.05,0.05,0.16,0.16,0.16,0.16,0.19,0.19,0.19,0.29,0.13,0.11,0.18,0.25,0.20,0.29,0.22,0.14,0.18,0.26,0.26,0.11,0.06,-0.12,-0.23,-0.20,-0.23,-0.20,-0.06,0.05,-0.04
Basic EPS (Cum. Effect of Acct. Change),0.00,0.00,0.00,0.00,0.00,0.00,0.00,0.00,0.00,0.00,0.00,0.00,0.00,0.00,0.00,0.00,0.00,0.00,0.00,0.00,0.00,0.00,0.00,0.00,0.00,0.00,0.00,0.00,0.00,0.00,0.00,0.00,0.00,0.00
Basic EPS (Discontinued),0.00,0.00,0.00,0.00,0.00,0.00,0.00,0.00,0.00,0.00,0.00,0.00,0.00,0.00,0.00,0.00,0.00,0.00,0.00,0.00,0.00,0.00,0.00,0.00,0.00,0.00,0.00,0.00,0.00,0.00,0.00,0.00,0.00,0.00
Basic EPS (Extraordinary Items),0.00,0.00,0.00,0.00,0.00,0.00,0.00,0.00,0.00,0.00,0.00,0.00,0.00,0.00,0.00,0.00,0.00,0.00,0.00,0.00,0.00,0.00,0.00,0.00,0.00,0.00,0.00,0.00,0.00,0.00,0.00,0.00,0.00,0.00
Basic EPS (Other Gains/Losses),0.00,0.00,0.00,0.00,0.00,0.00,0.00,0.00,0.00,0.00,0.00,0.00,0.00,0.00,0.00,0.00,0.00,0.00,0.00,0.00,0.00,0.00,0.00,0.00,0.00,0.00,0.00,0.00,0.00,0.00,0.00,0.00,0.00,0.00
Basic EPS (Tax Loss Carry Forward),0.00,0.00,0.00,0.00,0.00,0.00,0.00,0.00,0.00,0.00,0.00,0.00,0.00,0.00,0.00,0.00,0.00,0.00,0.00,0.00,0.00,0.00,0.00,0.00,0.00,0.00,0.00,0.00,0.00,0.00,0.00,0.00,0.00,0.00
Close PE Ratio,0.0,0.0,0.0,0.0,0.0,0.0,0.0,0.0,0.0,0.0,0.0,0.0,18.1,15.5,20.2,15.2,14.6,17.9,21.1,21.6,25.1,22.0,17.8,14.8,14.3,15.6,30.4,0.0,0.0,0.0,0.0,0.0,0.0,0.0
Diluted EPS (Continuing),0.00,0.05,0.05,0.05,0.05,0.16,0.16,0.16,0.16,0.18,0.18,0.18,0.28,0.13,0.11,0.17,0.25,0.20,0.28,0.22,0.14,0.18,0.26,0.26,0.11,0.06,-0.12,-0.23,-0.20,-0.23,-0.20,-0.06,0.05,-0.04
Diluted EPS (Cum. Effect of Acct. Change),0.00,0.00,0.00,0.00,0.00,0.00,0.00,0.00,0.00,0.00,0.00,0.00,0.00,0.00,0.00,0.00,0.00,0.00,0.00,0.00,0.00,0.00,0.00,0.00,0.00,0.00,0.00,0.00,0.00,0.00,0.00,0.00,0.00,0.00
Diluted EPS (Discontinued),0.00,0.00,0.00,0.00,0.00,0.00,0.00,0.00,0.00,0.00,0.00,0.00,0.00,0.00,0.00,0.00,0.00,0.00,0.00,0.00,0.00,0.00,0.00,0.00,0.00,0.00,0.00,0.00,0.00,0.00,0.00,0.00,0.00,0.00
Diluted EPS (Extraordinary),0.00,0.00,0.00,0.00,0.00,0.00,0.00,0.00,0.00,0.00,0.00,0.00,0.00,0.00,0.00,0.00,0.00,0.00,0.00,0.00,0.00,0.00,0.00,0.00,0.00,0.00,0.00,0.00,0.00,0.00,0.00,0.00,0.00,0.00
Diluted EPS (Other Gains/Losses),0.00,0.00,0.00,0.00,0.00,0.00,0.00,0.00,0.00,0.00,0.00,0.00,0.00,0.00,0.00,0.00,0.00,0.00,0.00,0.00,0.00,0.00,0.00,0.00,0.00,0.00,0.00,0.00,0.00,0.00,0.00,0.00,0.00,0.00
Diluted EPS (Tax Loss Carry Forward),0.00,0.00,0.00,0.00,0.00,0.00,0.00,0.00,0.00,0.00,0.00,0.00,0.00,0.00,0.00,0.00,0.00,0.00,0.00,0.00,0.00,0.00,0.00,0.00,0.00,0.00,0.00,0.00,0.00,0.00,0.00,0.00,0.00,0.00
Dividends Paid Per Share (YTD),0.00,0.00,0.00,0.00,0.00,0.00,0.00,0.00,0.00,0.00,0.00,0.00,0.00,0.00,0.00,0.00,0.00,0.00,0.00,0.00,0.00,0.00,0.00,0.00,0.00,0.00,0.00,0.00,0.00,0.00,0.00,0.00,0.00,0.00
EPS from Total Operations (YTD),0.00,0.05,0.10,0.15,0.20,0.16,0.33,0.47,0.63,0.18,0.37,0.55,0.83,0.13,0.24,0.41,0.66,0.20,0.48,0.70,0.84,0.18,0.43,0.70,0.81,0.06,-0.06,-0.29,-0.49,-0.23,-0.43,-0.49,-0.44,-0.04
High PE Ratio,0.0,0.0,0.0,0.0,0.0,0.0,0.0,0.0,0.0,0.0,0.0,0.0,19.9,21.4,23.6,23.9,23.3,21.1,25.4,26.3,29.7,30.5,31.2,29.0,27.6,28.7,51.2,0.0,0.0,0.0,0.0,0.0,0.0,0.0
"Income, Restructuring and M&A;",0.0,0.0,0.0,0.0,0.0,0.0,0.0,0.0,0.0,0.0,0.0,0.0,0.0,0.0,0.0,0.0,0.0,0.0,0.0,0.0,0.0,0.0,0.0,0.0,0.0,0.0,0.0,0.0,0.0,0.0,0.0,0.0,0.0,0.0
LT-Debt as % of Invested Capital,0.0,0.0,0.0,0.0,42.4,0.0,0.0,0.0,26.5,0.0,0.0,0.0,0.0,26.3,25.3,24.0,21.1,19.9,18.1,0.0,0.0,0.0,0.0,0.0,0.0,0.0,0.0,0.0,0.0,0.0,0.0,0.0,0.0,3.5
LT-Debt as % of Total Debt,0.0,0.0,0.0,0.0,40.6,0.0,0.0,0.0,26.7,0.0,0.0,0.0,0.0,41.8,40.0,38.0,35.0,35.6,37.4,0.0,0.0,0.0,0.0,0.0,0.0,0.0,0.0,0.0,0.0,0.0,0.0,0.0,0.0,10.5
LT-Debt to Equity Ratio,0.00,0.00,0.00,0.00,0.74,0.00,0.00,0.00,0.36,0.00,0.00,0.00,0.00,0.36,0.34,0.32,0.27,0.25,0.22,0.00,0.00,0.00,0.00,0.00,0.00,0.00,0.00,0.00,0.00,0.00,0.00,0.00,0.00,0.04
Low PE Ratio,0.0,0.0,0.0,0.0,0.0,0.0,0.0,0.0,0.0,0.0,0.0,0.0,17.7,13.0,14.3,13.1,5.4,4.9,3.9,3.7,9.4,14.2,17.1,12.8,13.3,15.0,28.5,0.0,0.0,0.0,0.0,0.0,0.0,0.0
Net Income from Total Operations (YTD),0.4,1.3,2.7,4.0,5.3,3.1,6.2,9.3,12.4,3.8,7.6,11.3,17.4,2.8,5.2,9.0,14.5,4.3,10.6,16.0,20.0,4.8,11.8,18.9,21.9,1.5,-1.7,-7.9,-13.1,-6.3,-11.8,-13.4,-11.9,-1.1
Normalized Close PE Ratio,0.0,0.0,0.0,0.0,0.0,0.0,0.0,0.0,0.0,0.0,0.0,0.0,18.1,0.0,20.2,15.2,14.6,17.9,21.1,21.6,25.1,22.0,17.8,14.8,14.3,15.6,30.4,0.0,0.0,0.0,0.0,0.0,0.0,0.0
Normalized High PE Ratio,0.0,0.0,0.0,0.0,0.0,0.0,0.0,0.0,0.0,0.0,0.0,0.0,19.9,0.0,23.6,23.9,23.3,21.1,25.4,26.3,29.7,30.5,31.2,29.0,27.6,28.7,51.2,0.0,0.0,0.0,0.0,0.0,0.0,0.0
Normalized Low PE Ratio,0.0,0.0,0.0,0.0,0.0,0.0,0.0,0.0,0.0,0.0,0.0,0.0,17.7,0.0,14.3,13.1,5.4,4.9,3.9,3.7,9.4,14.2,17.1,12.8,13.3,15.0,28.5,0.0,0.0,0.0,0.0,0.0,0.0,0.0
Normalized ROA,0.0,0.0,0.0,0.0,4.6,0.0,0.0,0.0,9.9,0.0,0.0,0.0,13.0,0.0,8.5,8.3,7.8,8.5,10.4,8.0,7.3,7.3,7.2,7.5,7.1,6.2,2.9,-1.7,-4.6,-7.1,0.0,-6.2,-3.7,-2.2
Normalized ROCI,0.0,0.0,0.0,0.0,7.5,0.0,0.0,0.0,17.1,0.0,0.0,0.0,19.3,0.0,11.8,11.5,10.8,11.6,13.6,9.9,9.0,9.0,9.0,9.4,8.9,7.5,3.5,-2.1,-5.6,-9.2,0.0,-8.3,-5.3,-2.8
Normalized ROE,0.0,0.0,0.0,0.0,13.0,0.0,0.0,0.0,23.3,0.0,0.0,0.0,19.3,0.0,15.7,15.1,13.7,14.5,16.5,9.9,9.0,9.0,9.0,9.4,8.9,7.5,3.5,0.0,0.0,0.0,0.0,0.0,0.0,0.0
Return on Assets (ROA),0.0,0.0,0.0,0.0,4.6,0.0,0.0,0.0,9.9,0.0,0.0,11.1,13.0,9.5,8.5,8.3,7.8,8.5,10.4,8.0,7.3,7.3,7.2,7.5,7.1,6.2,2.9,-1.7,-4.6,-7.1,0.0,-6.2,-3.7,-2.2
Return on Capital Invested (ROCI),0.0,0.0,0.0,0.0,7.5,0.0,0.0,0.0,17.1,0.0,0.0,17.1,19.3,13.0,11.8,11.5,10.8,11.6,13.6,9.9,9.0,9.0,9.0,9.4,8.9,7.5,3.5,-2.1,-5.6,-9.2,0.0,-8.3,-5.3,-2.8
Return on Stock Equity (ROE),0.0,0.0,0.0,0.0,13.0,0.0,0.0,0.0,23.3,0.0,0.0,17.1,19.3,17.7,15.7,15.1,13.7,14.5,16.5,9.9,9.0,9.0,9.0,9.4,8.9,7.5,3.5,0.0,0.0,0.0,0.0,0.0,0.0,0.0
Revenue (YTD),32.6,41.8,83.7,125.5,167.3,45.8,91.6,137.5,183.3,49.9,99.8,149.8,210.4,52.6,119.7,182.6,261.8,70.0,140.8,222.3,293.5,75.6,162.7,262.7,353.1,79.1,150.0,204.5,259.9,50.9,118.0,193.4,292.0,75.1
accounts payable,0.0,0.0,0.0,0.0,17.6,0.0,0.0,0.0,19.5,0.0,0.0,16.4,19.2,20.4,24.0,24.4,24.9,12.4,9.7,21.3,24.9,21.5,22.6,28.6,25.9,13.2,14.3,9.9,12.4,11.8,15.4,17.3,28.7,19.9
accounts receivable,0.0,0.0,0.0,0.0,24.5,0.0,0.0,0.0,24.4,0.0,0.0,32.9,38.5,40.5,35.3,45.0,45.0,34.5,36.9,48.3,32.8,34.0,58.4,48.3,55.8,36.9,8.0,22.9,21.0,25.6,32.5,31.4,45.1,29.9
accrued expenses,0.0,0.0,0.0,0.0,0.0,0.0,0.0,0.0,0.0,0.0,0.0,0.0,0.0,0.0,0.0,0.0,0.0,0.0,0.0,0.0,0.0,0.0,0.0,0.0,0.0,0.0,0.0,0.0,0.0,0.0,0.0,0.0,0.0,0.0
accrued liabilities,0.0,0.0,0.0,0.0,4.3,0.0,0.0,0.0,10.6,0.0,0.0,9.7,7.5,7.8,8.3,10.4,0.0,8.6,10.3,11.7,8.4,10.8,12.5,14.8,12.5,13.0,10.4,8.2,9.3,8.3,8.8,10.4,10.0,9.5
accumulated depreciation,0.0,0.0,0.0,0.0,38.5,0.0,0.0,0.0,48.6,0.0,0.0,53.8,56.2,59.1,62.8,65.7,69.1,72.6,76.0,79.4,82.7,87.0,91.1,95.5,100.2,105.2,110.7,114.9,119.4,124.7,129.2,134.4,136.6,141.8
acquisitions,0.0,0.0,0.0,0.0,0.0,0.0,0.0,0.0,-0.5,0.0,0.0,0.0,0.0,-36.7,-36.7,-36.7,-36.7,0.0,0.0,0.0,0.0,-70.7,-70.7,-70.7,-6.7,0.0,0.0,0.0,0.0,0.0,0.0,0.0,-9.0,0.0
additional paid-in capital,0.0,0.0,0.0,0.0,34.8,0.0,0.0,0.0,35.0,0.0,0.0,54.7,54.3,54.6,54.8,55.1,55.4,55.7,59.2,150.7,151.4,152.5,153.3,153.8,154.7,155.3,156.0,156.7,157.6,158.3,159.1,160.1,161.0,161.8
adjustments to revenue,0.0,0.0,0.0,0.0,0.0,0.0,0.0,0.0,0.0,0.0,0.0,0.0,0.0,0.0,0.0,0.0,0.0,0.0,0.0,0.0,0.0,0.0,0.0,0.0,0.0,0.0,0.0,0.0,0.0,0.0,0.0,0.0,0.0,0.0
advertising,0.0,0.0,0.0,0.0,0.0,0.0,0.0,0.0,0.0,0.0,0.0,0.0,0.0,0.0,0.0,0.0,0.0,0.0,0.0,0.0,0.0,0.0,0.0,0.0,0.0,0.0,0.0,0.0,0.0,0.0,0.0,0.0,0.0,0.0
amortization,0.0,0.0,0.0,0.0,0.0,0.0,0.0,0.0,0.0,0.0,0.0,0.0,0.2,0.1,0.1,0.0,0.0,0.1,0.1,0.2,0.3,0.1,0.2,0.2,0.3,0.0,0.1,0.1,0.1,0.0,0.1,0.2,0.1,0.0
amortization of intangibles,0.0,0.0,0.0,0.0,0.0,0.0,0.0,0.0,0.0,0.0,0.0,0.0,0.0,0.0,0.0,0.0,0.0,0.0,0.0,0.0,0.0,0.0,0.0,0.0,0.0,0.0,0.0,0.0,0.0,0.0,0.0,0.0,0.0,0.0
asset turnover,0.0,0.0,0.0,0.0,0.0,0.0,0.0,0.0,1.5,0.0,0.0,0.0,1.6,0.0,0.0,1.6,1.6,1.6,1.5,1.3,1.3,1.3,1.3,1.2,1.2,1.2,1.2,1.0,0.9,0.8,0.0,0.9,1.0,1.1
auditor name,None,None,None,None,None,None,None,None,None,None,None,None,None,None,None,None,None,None,None,None,None,None,None,None,None,None,None,None,None,None,None,None,None,None
auditor report,None,None,None,None,None,None,None,None,None,None,None,None,None,None,None,None,None,None,None,None,None,None,None,None,None,None,None,None,None,None,None,None,None,None
basic earnings indicator,Y,Y,Y,Y,Y,Y,Y,Y,Y,Y,Y,Y,Y,Y,Y,Y,Y,Y,Y,Y,Y,Y,Y,Y,Y,Y,Y,Y,Y,Y,Y,Y,Y,Y
book value per share,0.00,0.00,0.00,0.00,2.43,0.00,0.00,0.00,3.20,0.00,0.00,3.91,4.18,4.32,4.44,4.63,4.90,5.11,5.47,8.11,8.26,8.47,8.75,9.03,9.14,9.22,9.11,8.77,8.62,8.41,0.00,8.21,8.28,8.25
building and improvements,0.0,0.0,0.0,0.0,10.4,0.0,0.0,0.0,11.7,0.0,0.0,12.0,12.4,12.6,12.6,11.9,12.0,12.0,12.0,12.2,12.8,13.0,13.0,13.0,13.0,13.1,13.1,13.4,13.5,21.8,21.8,21.8,22.0,22.8
capital lease obligations,0.0,0.0,0.0,0.0,0.0,0.0,0.0,0.0,0.0,0.0,0.0,0.0,0.0,0.0,0.0,0.0,0.0,0.0,0.0,0.0,0.0,0.0,0.0,0.0,0.0,0.0,0.0,0.0,0.0,0.0,0.0,0.0,0.0,0.0
cash as % of revenue,0.0,0.0,0.0,0.0,4.6,0.0,0.0,0.0,10.1,0.0,0.0,7.4,6.0,7.4,6.3,7.8,9.8,14.9,15.6,36.1,35.7,7.6,5.0,8.6,6.6,6.7,7.3,11.9,15.0,6.8,0.0,20.2,14.8,14.5
cash at beginning of period,0.0,0.0,0.0,0.0,7.7,0.0,0.0,0.0,7.6,0.0,0.0,18.6,18.6,12.6,12.6,12.6,12.6,25.7,25.7,25.7,25.7,104.7,104.7,104.7,104.7,23.2,23.2,23.2,23.2,39.0,39.0,39.0,39.0,43.1
cash end of period,0.0,0.0,0.0,0.0,7.6,0.0,0.0,0.0,18.6,0.0,0.0,14.4,12.6,15.7,14.5,19.0,25.7,41.6,44.0,109.0,104.7,22.8,15.8,28.6,23.2,23.7,24.7,35.2,39.0,15.7,31.9,50.2,43.1,45.9
cash flow,0.0,0.0,0.0,0.0,14.1,0.0,0.0,0.0,21.9,0.0,0.0,0.0,29.2,0.0,30.1,32.2,33.1,35.8,39.5,41.1,38.8,38.9,39.3,41.1,41.6,39.3,30.0,17.4,9.1,1.1,-1.3,3.0,9.8,15.0
cash flow per share,0.00,0.00,0.00,0.00,0.84,0.00,0.00,0.00,1.32,0.00,0.00,0.00,1.35,0.00,1.40,1.49,1.53,1.66,1.80,1.54,1.45,1.45,1.46,1.53,1.54,1.46,1.12,0.64,0.34,0.04,0.00,0.11,0.36,0.55
cash from discontinued financing activities,0.0,0.0,0.0,0.0,0.0,0.0,0.0,0.0,0.0,0.0,0.0,0.0,0.0,0.0,0.0,0.0,0.0,0.0,0.0,0.0,0.0,0.0,0.0,0.0,0.0,0.0,0.0,0.0,0.0,0.0,0.0,0.0,0.0,0.0
cash from discontinued investing activities,0.0,0.0,0.0,0.0,0.0,0.0,0.0,0.0,0.0,0.0,0.0,0.0,0.0,0.0,0.0,0.0,0.0,0.0,0.0,0.0,0.0,0.0,0.0,0.0,0.0,0.0,0.0,0.0,0.0,0.0,0.0,0.0,0.0,0.0
cash per share,0.00,0.00,0.00,0.00,0.46,0.00,0.00,0.00,1.12,0.00,0.00,0.67,0.58,0.73,0.67,0.88,1.19,1.93,2.01,4.07,3.90,0.85,0.59,1.06,0.86,0.88,0.92,1.30,1.44,0.58,0.00,1.85,1.58,1.68
common par,0.0,0.0,0.0,0.0,0.2,0.0,0.0,0.0,0.2,0.0,0.0,0.2,0.2,0.2,0.2,0.2,0.2,0.2,0.2,0.3,0.3,0.3,0.3,0.3,0.3,0.3,0.3,0.3,0.3,0.3,0.3,0.3,0.3,0.3
common stock equity,0.0,0.0,0.0,0.0,40.7,0.0,0.0,0.0,53.2,0.0,0.0,84.4,90.1,93.2,95.8,99.8,105.6,110.3,120.0,217.0,221.7,227.6,235.4,243.0,246.9,249.0,243.5,238.0,233.6,228.1,223.4,222.8,225.2,224.9
construction in progress,0.0,0.0,0.0,0.0,1.7,0.0,0.0,0.0,1.5,0.0,0.0,5.3,5.8,3.9,91.0,6.6,2.9,4.4,5.0,4.1,14.4,40.9,44.6,26.3,13.6,13.8,14.7,11.0,8.7,8.8,9.9,10.2,6.9,8.8
cost in excess,0.0,0.0,0.0,0.0,2.5,0.0,0.0,0.0,2.5,0.0,0.0,2.5,2.5,11.9,12.1,12.1,12.1,12.1,12.1,12.1,12.1,30.7,31.6,31.2,32.2,32.2,32.2,32.2,32.2,32.2,32.2,32.2,34.8,34.8
cost of sales,0.0,0.0,0.0,0.0,0.0,0.0,0.0,0.0,0.0,0.0,0.0,35.2,41.8,38.7,52.1,45.4,56.6,50.8,46.8,60.6,53.8,55.3,62.8,76.6,73.3,63.1,63.4,51.4,49.6,48.3,61.9,65.1,80.6,63.9
cost of sales with depreciation,0.0,0.0,0.0,0.0,0.0,0.0,0.0,0.0,0.0,0.0,0.0,38.3,45.1,42.5,57.2,50.3,61.3,55.8,51.9,65.5,57.7,60.0,67.5,81.6,78.8,68.6,69.1,57.0,55.0,53.7,67.3,70.5,86.1,69.2
cumulative translation adjustments,0.0,0.0,0.0,0.0,0.0,0.0,0.0,0.0,0.0,0.0,0.0,0.0,0.0,0.0,0.0,0.0,0.0,0.0,0.0,0.0,0.0,0.0,0.0,0.0,0.0,0.0,0.0,0.0,0.0,0.0,0.0,0.0,0.0,0.0
current assets per share,0.00,0.00,0.00,0.00,2.46,0.00,0.00,0.00,2.96,0.00,0.00,2.69,2.85,3.13,3.34,3.73,4.01,4.18,4.39,6.54,6.33,3.61,3.87,4.24,4.43,4.26,4.07,3.67,3.81,3.82,0.00,4.11,4.73,4.29
current defered income taxes,0.0,0.0,0.0,0.0,0.2,0.0,0.0,0.0,0.6,0.0,0.0,0.6,0.6,0.6,0.4,0.9,1.3,1.5,1.6,1.6,1.5,1.7,1.5,1.8,1.8,2.2,2.1,1.8,1.2,1.3,1.0,1.2,0.0,0.0
current deferred income taxes,0.0,0.0,0.0,0.0,0.0,0.0,0.0,0.0,0.0,0.0,0.0,0.0,0.0,0.0,0.0,0.0,0.0,0.0,0.0,0.0,0.0,0.0,0.0,0.0,0.0,0.0,0.0,0.0,0.0,0.0,0.0,0.0,0.0,0.0
current liabilities per share,0.00,0.00,0.00,0.00,1.58,0.00,0.00,0.00,2.18,0.00,0.00,1.38,1.35,1.50,1.62,1.78,1.83,1.70,1.44,1.45,1.46,1.45,1.66,1.85,1.59,1.24,1.11,0.84,1.01,1.64,0.00,2.10,2.68,1.88
current ratio,0.0,0.0,0.0,0.0,1.6,0.0,0.0,0.0,1.4,0.0,0.0,1.9,2.1,2.1,2.1,2.1,2.2,2.5,3.0,4.5,4.3,2.5,2.3,2.3,2.8,3.4,3.7,4.4,3.8,2.3,0.0,2.0,1.8,2.3
decrease (increase) in other current liabilities,0.0,0.0,0.0,0.0,2.0,0.0,0.0,0.0,5.4,0.0,0.0,0.7,-1.1,0.6,-4.2,-3.2,-1.3,0.4,2.2,3.9,0.5,0.4,2.4,2.1,-0.3,1.0,-1.8,-3.9,-3.0,-1.0,-0.5,1.0,3.1,-1.8
decrease (increase) in other working capital,0.0,0.0,0.0,0.0,0.5,0.0,0.0,0.0,-0.1,0.0,0.0,-0.0,-0.1,-0.0,-0.0,-0.0,-0.1,-2.4,-4.6,-8.1,-9.7,-9.7,-0.0,-0.0,-0.1,0.3,1.4,11.7,12.3,3.7,14.6,13.9,6.5,-0.3
decrease (increase) in payables,0.0,0.0,0.0,0.0,-0.1,0.0,0.0,0.0,-0.9,0.0,0.0,-3.0,-0.2,0.9,4.6,5.0,5.9,-1.2,-3.9,7.6,11.2,-10.1,-9.0,-3.0,-7.7,-12.1,-10.7,-15.0,-13.0,-0.6,4.2,7.1,18.8,-9.5
deferred income taxes,0.0,0.0,0.0,0.0,-1.2,0.0,0.0,0.0,1.3,0.0,0.0,-0.8,-2.0,-0.8,-1.0,-2.2,-2.4,-0.4,-0.9,-1.2,-1.0,-0.1,-0.1,0.3,5.0,0.6,2.6,4.4,5.2,-0.1,-2.9,-4.2,-1.6,-0.7
deferred revenues,0.0,0.0,0.0,0.0,0.0,0.0,0.0,0.0,0.0,0.0,0.0,0.0,0.0,0.0,0.0,0.0,0.0,0.0,0.0,0.0,0.0,0.0,0.0,0.0,0.0,0.0,0.0,0.0,0.0,0.0,0.0,0.0,0.0,0.0
depreciation,0.0,0.0,0.0,0.0,10.9,0.0,0.0,0.0,11.6,0.0,0.0,9.3,12.4,3.8,8.8,13.9,18.6,4.9,9.9,14.7,18.5,4.6,9.1,14.1,19.5,5.5,11.1,16.7,22.1,5.4,10.7,16.0,21.6,5.4
depreciation (unrecognized),0.0,0.0,0.0,0.0,0.0,0.0,0.0,0.0,0.0,0.0,0.0,0.0,0.0,0.0,0.0,0.0,0.0,0.0,0.0,0.0,0.0,0.0,0.0,0.0,0.0,0.0,0.0,0.0,0.0,0.0,0.0,0.0,0.0,0.0
domestic sales,0.0,0.0,0.0,0.0,0.0,0.0,0.0,0.0,0.0,0.0,0.0,0.0,0.0,0.0,0.0,0.0,0.0,0.0,0.0,0.0,0.0,0.0,0.0,0.0,0.0,0.0,0.0,0.0,0.0,0.0,0.0,0.0,0.0,0.0
earnings from equity interest,0.0,0.0,0.0,0.0,0.0,0.0,0.0,0.0,0.0,0.0,0.0,0.0,0.0,0.0,0.0,0.0,0.0,0.0,0.0,0.0,0.0,0.0,0.0,0.0,0.0,0.0,0.0,0.0,0.0,0.0,0.0,0.0,0.0,0.0
earnings period indicator,F,Q,S,N,F,Q,S,N,F,Q,S,N,F,Q,S,N,F,Q,S,N,F,Q,S,N,F,Q,S,N,F,Q,S,N,F,Q
effect exchange rate changes,0.0,0.0,0.0,0.0,0.0,0.0,0.0,0.0,0.0,0.0,0.0,0.0,0.0,0.0,0.0,0.0,0.0,0.0,0.0,0.0,0.0,0.0,0.0,0.0,0.0,0.0,0.0,0.0,0.0,0.0,0.0,0.0,0.0,0.0
effective tax rate,0.0,0.0,0.0,0.0,41.7,0.0,0.0,0.0,36.2,0.0,0.0,0.0,36.9,0.0,36.1,33.1,33.5,34.7,35.0,36.6,36.5,36.4,36.2,37.0,35.3,35.0,31.8,0.0,0.0,0.0,0.0,0.0,0.0,0.0
excise taxes,0.0,0.0,0.0,0.0,0.0,0.0,0.0,0.0,0.0,0.0,0.0,0.0,0.0,0.0,0.0,0.0,0.0,0.0,0.0,0.0,0.0,0.0,0.0,0.0,0.0,0.0,0.0,0.0,0.0,0.0,0.0,0.0,0.0,0.0
extraordinary gains,0.0,0.0,0.0,0.0,0.0,0.0,0.0,0.0,0.0,0.0,0.0,0.0,0.0,0.0,0.0,0.0,0.0,0.0,0.0,0.0,0.0,0.0,0.0,0.0,0.0,0.0,0.0,0.0,0.0,0.0,0.0,0.0,0.0,0.0
extraordinary income/losses,0.0,0.0,0.0,0.0,0.0,0.0,0.0,0.0,0.0,0.0,0.0,0.0,0.0,0.0,0.0,0.0,0.0,0.0,0.0,0.0,0.0,0.0,0.0,0.0,0.0,0.0,0.0,0.0,0.0,0.0,0.0,0.0,0.0,0.0
foreign sales,0.0,0.0,0.0,0.0,0.0,0.0,0.0,0.0,0.0,0.0,0.0,0.0,0.0,0.0,0.0,0.0,0.0,0.0,0.0,0.0,0.0,0.0,0.0,0.0,0.0,0.0,0.0,0.0,0.0,0.0,0.0,0.0,0.0,0.0
free cash flow,0.0,0.0,0.0,0.0,2.5,0.0,0.0,0.0,20.1,0.0,0.0,-42.0,-1.3,-31.9,-33.2,-32.0,-24.7,16.6,18.9,22.4,17.6,-82.4,-89.4,-76.8,-21.9,0.3,4.0,14.0,17.8,-36.3,-20.3,0.2,-9.2,5.5
free cash flow per share,0.00,0.00,0.00,0.00,0.15,0.00,0.00,0.00,1.21,0.00,0.00,-1.95,-0.06,-1.48,-1.54,-1.49,-1.15,0.77,0.86,0.84,0.66,-3.07,-3.32,-2.86,-0.81,0.01,0.15,0.52,0.66,-1.34,0.00,0.01,-0.34,0.20
gross fixed assets,0.0,0.0,0.0,0.0,108.4,0.0,0.0,0.0,119.9,0.0,0.0,122.2,125.0,145.1,149.5,151.0,153.2,155.2,157.0,159.8,173.5,238.2,247.3,255.8,255.5,258.9,263.3,264.4,265.5,281.7,283.2,286.6,287.2,289.9
gross margin,0.0,0.0,0.0,0.0,0.0,0.0,0.0,0.0,0.0,0.0,0.0,14.8,18.8,13.9,15.0,17.5,22.7,19.3,23.9,20.9,17.4,20.2,24.3,23.4,17.1,16.0,7.5,3.2,5.7,2.6,0.0,10.3,18.0,11.2
gross profit margin,0.0,0.0,0.0,0.0,19.4,0.0,0.0,0.0,27.4,0.0,0.0,0.0,30.0,0.0,27.1,26.8,26.4,26.7,29.5,28.8,27.8,27.6,26.3,25.6,24.1,22.6,18.8,14.8,12.5,8.2,0.0,9.6,12.3,14.1
income before income taxes,0.0,0.0,0.0,0.0,0.0,0.0,0.0,0.0,0.0,0.0,0.0,6.1,9.4,4.3,3.9,5.0,8.6,7.0,10.0,8.3,6.3,7.6,11.0,11.4,3.8,2.4,-5.3,-9.1,-7.5,-9.9,-7.9,-2.5,3.8,-1.7
income from cum. effect of acct. change,0.0,0.0,0.0,0.0,0.0,0.0,0.0,0.0,0.0,0.0,0.0,0.0,0.0,0.0,0.0,0.0,0.0,0.0,0.0,0.0,0.0,0.0,0.0,0.0,0.0,0.0,0.0,0.0,0.0,0.0,0.0,0.0,0.0,0.0
income from tax loss carryforward,0.0,0.0,0.0,0.0,0.0,0.0,0.0,0.0,0.0,0.0,0.0,0.0,0.0,0.0,0.0,0.0,0.0,0.0,0.0,0.0,0.0,0.0,0.0,0.0,0.0,0.0,0.0,0.0,0.0,0.0,0.0,0.0,0.0,0.0
income per employee,None,None,None,None,27518,None,None,None,64264,None,None,None,87432,None,None,None,63767,None,None,None,80442,None,None,None,72218,None,None,None,-52040,None,None,None,-39162,None
income taxes,0.0,0.0,0.0,0.0,0.0,0.0,0.0,0.0,0.0,0.0,0.0,2.3,3.3,1.4,1.5,1.2,3.2,2.6,3.7,2.9,2.3,2.8,4.0,4.3,0.8,0.9,-2.1,-2.9,-2.2,-3.6,-2.5,-0.9,2.3,-0.6
"income, acquired in process r&a;",0.0,0.0,0.0,0.0,0.0,0.0,0.0,0.0,0.0,0.0,0.0,0.0,0.0,0.0,0.0,0.0,0.0,0.0,0.0,0.0,0.0,0.0,0.0,0.0,0.0,0.0,0.0,0.0,0.0,0.0,0.0,0.0,0.0,0.0
intangibles,0.0,0.0,0.0,0.0,0.0,0.0,0.0,0.0,0.0,0.0,0.0,0.0,0.0,7.4,5.9,4.8,3.6,2.4,1.1,0.3,0.0,0.0,0.4,0.4,0.0,0.0,0.0,0.0,0.0,0.0,0.0,0.0,0.6,0.5
intangibles as % of book-value,0.0,0.0,0.0,0.0,6.1,0.0,0.0,0.0,4.7,0.0,0.0,2.9,2.8,20.6,18.8,16.9,14.8,13.1,11.0,5.7,5.5,13.5,13.6,13.0,13.0,12.9,13.2,13.5,13.8,14.1,0.0,14.4,15.7,15.7
interest as % of invested capital,0.0,0.0,0.0,0.0,3.1,0.0,0.0,0.0,2.4,0.0,0.0,0.0,0.0,0.0,0.3,0.5,0.9,1.0,0.8,0.4,0.2,0.1,0.1,0.0,0.2,0.2,0.2,0.3,0.1,0.2,0.0,0.3,0.3,0.3
interest coverage (cont. operations),0.0,0.0,0.0,0.0,5.2,0.0,0.0,0.0,12.1,0.0,0.0,0.0,0.0,0.0,60.2,32.4,18.5,19.4,26.6,38.0,59.7,96.3,266.6,346.9,79.0,56.9,22.3,0.0,0.0,0.0,0.0,0.0,0.0,0.0
interest expense,0.0,0.0,0.0,0.0,0.0,0.0,0.0,0.0,0.0,0.0,0.0,0.0,-0.1,0.1,0.4,0.4,0.4,0.2,0.2,0.1,0.0,0.0,0.0,0.1,0.3,0.1,0.1,0.1,0.1,0.2,0.2,0.2,0.1,0.2
interest income,0.0,0.0,0.0,0.0,0.0,0.0,0.0,0.0,0.0,0.0,0.0,0.0,0.1,0.1,0.1,0.1,0.2,0.1,0.1,0.1,0.1,0.0,0.0,0.0,0.1,0.0,0.0,0.0,0.0,0.0,0.0,0.0,0.0,0.0
inventories,0.0,0.0,0.0,0.0,0.6,0.0,0.0,0.0,0.5,0.0,0.0,0.6,0.6,0.6,0.7,0.7,0.7,1.1,1.5,1.7,1.5,2.2,1.5,2.4,3.0,3.6,4.1,3.4,3.4,3.3,3.8,3.6,4.4,5.1
"inventories, finished goods",0.0,0.0,0.0,0.0,0.0,0.0,0.0,0.0,0.0,0.0,0.0,0.0,0.0,0.0,0.0,0.0,0.0,0.0,0.0,0.0,0.0,0.0,0.0,0.0,0.0,0.0,0.0,0.0,0.0,0.0,0.0,0.0,0.0,0.0
"inventories, other",0.0,0.0,0.0,0.0,0.6,0.0,0.0,0.0,0.5,0.0,0.0,0.6,0.6,0.6,0.7,0.7,0.7,1.1,1.5,1.7,1.5,2.2,1.5,2.4,3.0,3.6,4.1,3.4,3.4,3.3,3.8,3.6,4.4,5.1
"inventories, purchased components",0.0,0.0,0.0,0.0,0.0,0.0,0.0,0.0,0.0,0.0,0.0,0.0,0.0,0.0,0.0,0.0,0.0,0.0,0.0,0.0,0.0,0.0,0.0,0.0,0.0,0.0,0.0,0.0,0.0,0.0,0.0,0.0,0.0,0.0
"inventories, raw materials",0.0,0.0,0.0,0.0,0.0,0.0,0.0,0.0,0.0,0.0,0.0,0.0,0.0,0.0,0.0,0.0,0.0,0.0,0.0,0.0,0.0,0.0,0.0,0.0,0.0,0.0,0.0,0.0,0.0,0.0,0.0,0.0,0.0,0.0
"inventories, work in progress",0.0,0.0,0.0,0.0,0.0,0.0,0.0,0.0,0.0,0.0,0.0,0.0,0.0,0.0,0.0,0.0,0.0,0.0,0.0,0.0,0.0,0.0,0.0,0.0,0.0,0.0,0.0,0.0,0.0,0.0,0.0,0.0,0.0,0.0
inventory as % of revenue,0.0,0.0,0.0,0.0,0.3,0.0,0.0,0.0,0.3,0.0,0.0,0.3,0.3,0.3,0.3,0.3,0.3,0.4,0.5,0.6,0.5,0.7,0.5,0.7,0.8,1.0,1.2,1.2,1.3,1.4,0.0,1.4,1.5,1.6
inventory turnover,0.0,0.0,0.0,0.0,0.0,0.0,0.0,0.0,245.6,0.0,0.0,0.0,251.4,0.0,0.0,290.4,278.5,230.4,183.0,179.1,191.9,130.8,155.6,121.3,120.2,95.0,99.4,87.3,71.6,61.1,0.0,64.7,66.4,64.7
invested capital,0.0,0.0,0.0,0.0,70.7,0.0,0.0,0.0,72.4,0.0,0.0,84.4,90.1,126.4,128.2,131.3,133.8,137.6,146.5,217.0,221.7,227.6,235.4,243.0,246.9,249.0,243.5,238.0,233.6,228.1,223.4,222.8,225.2,233.1
issuance of capital stock,0.0,0.0,0.0,0.0,3.5,0.0,0.0,0.0,0.0,0.0,0.0,261.1,260.6,0.0,0.0,0.0,0.0,0.0,1.7,93.2,92.9,0.3,0.5,0.5,0.7,0.0,0.2,0.2,0.2,0.0,0.0,0.2,0.3,0.2
issuance of debt,0.0,0.0,0.0,0.0,0.0,0.0,0.0,0.0,0.0,0.0,0.0,0.0,0.0,35.0,35.0,35.0,35.0,0.0,0.0,0.0,0.0,0.0,0.0,0.0,0.0,0.0,0.0,0.0,0.0,13.0,13.0,13.0,18.0,0.0
land and improvements,0.0,0.0,0.0,0.0,5.2,0.0,0.0,0.0,5.2,0.0,0.0,5.2,5.2,5.2,5.2,5.2,5.2,5.2,5.2,5.2,5.2,9.4,9.4,9.4,9.4,9.4,9.4,9.4,9.4,14.8,14.8,14.8,14.8,14.8
leverage ratio,0.0,0.0,0.0,0.0,2.8,0.0,0.0,0.0,2.3,0.0,0.0,1.5,1.5,1.9,1.8,1.8,1.8,1.7,1.6,1.2,1.2,1.2,1.2,1.3,1.2,1.2,1.2,1.2,1.2,1.3,0.0,1.3,1.4,1.3
loans receivable,0.0,0.0,0.0,0.0,0.0,0.0,0.0,0.0,0.0,0.0,0.0,0.0,0.0,0.0,0.0,0.0,0.0,0.0,0.0,0.8,1.0,0.8,0.3,0.1,0.1,0.1,0.1,0.1,0.1,0.0,0.0,0.0,0.0,0.0
long-term debt,0.0,0.0,0.0,0.0,30.0,0.0,0.0,0.0,19.2,0.0,0.0,0.0,0.0,33.3,32.4,31.5,28.2,27.3,26.5,0.0,0.0,0.0,0.0,0.0,0.0,0.0,0.0,0.0,0.0,0.0,0.0,0.0,0.0,8.2
long-term debt per share,0.00,0.00,0.00,0.00,1.79,0.00,0.00,0.00,1.15,0.00,0.00,0.00,0.00,1.54,1.50,1.46,1.31,1.27,1.21,0.00,0.00,0.00,0.00,0.00,0.00,0.00,0.00,0.00,0.00,0.00,0.00,0.00,0.00,0.30
marketable securities,0.0,0.0,0.0,0.0,0.0,0.0,0.0,0.0,0.0,0.0,0.0,0.0,0.0,0.0,0.0,0.0,0.0,0.0,0.0,0.0,0.0,0.0,0.0,0.0,0.0,0.0,0.0,0.0,0.0,0.0,0.0,0.0,0.0,0.0
minority interest,0.0,0.0,0.0,0.0,0.0,0.0,0.0,0.0,0.0,0.0,0.0,0.0,0.0,0.0,0.0,0.0,0.0,0.0,0.0,0.0,0.0,0.0,0.0,0.0,0.0,0.0,0.0,0.0,0.0,0.0,0.0,0.0,0.0,-0.0
minority interest liability,0.0,0.0,0.0,0.0,0.0,0.0,0.0,0.0,0.0,0.0,0.0,0.0,0.0,0.0,0.0,0.0,0.0,0.0,0.0,0.0,0.0,0.0,0.0,0.0,0.0,0.0,0.0,0.0,0.0,0.0,0.0,0.0,0.1,0.0
net cash from continuing operations,0.0,0.0,0.0,0.0,11.6,0.0,0.0,0.0,32.5,0.0,0.0,6.3,10.1,8.8,12.2,16.4,26.5,18.9,23.7,30.8,40.3,-4.6,-2.7,18.9,13.8,5.5,13.7,26.7,32.7,-20.0,-1.6,22.6,24.4,8.2
net cash from discontinued operations,0.0,0.0,0.0,0.0,0.0,0.0,0.0,0.0,0.0,0.0,0.0,0.0,0.0,0.0,0.0,0.0,0.0,0.0,0.0,0.0,0.0,0.0,0.0,0.0,0.0,0.0,0.0,0.0,0.0,0.0,0.0,0.0,0.0,0.0
net fixed assets,0.0,0.0,0.0,0.0,69.9,0.0,0.0,0.0,71.3,0.0,0.0,68.4,68.7,86.0,86.7,85.3,84.2,82.5,81.0,80.5,90.8,151.2,156.3,160.2,155.3,153.7,152.5,149.5,146.1,157.0,153.9,152.2,150.7,148.1
net income (continuing operations),0.0,1.3,1.3,1.3,1.3,3.1,3.1,3.1,3.1,3.8,3.8,3.8,6.1,2.8,2.4,3.8,5.5,4.3,6.3,5.4,4.0,4.8,7.0,7.1,3.0,1.5,-3.2,-6.2,-5.2,-6.3,-5.4,-1.6,1.5,-1.1
net income (discontinued operations),0.0,0.0,0.0,0.0,0.0,0.0,0.0,0.0,0.0,0.0,0.0,0.0,0.0,0.0,0.0,0.0,0.0,0.0,0.0,0.0,0.0,0.0,0.0,0.0,0.0,0.0,0.0,0.0,0.0,0.0,0.0,0.0,0.0,0.0
net income available for common,0.0,0.8,0.8,0.8,0.0,2.6,2.6,2.6,0.0,3.5,3.5,3.5,6.1,2.8,2.4,3.8,5.5,4.3,6.3,5.4,4.0,4.8,7.0,7.1,3.0,1.5,-3.2,-6.2,-5.2,-6.3,-5.4,-1.6,1.5,-1.1
net income/loss,0.0,0.0,0.0,0.0,5.3,0.0,0.0,0.0,12.4,0.0,0.0,11.3,17.4,2.8,5.2,9.0,14.5,4.3,10.6,16.0,20.0,4.8,11.8,18.9,21.9,1.5,-1.7,-7.9,-13.1,-6.3,-11.8,-13.4,-11.9,-1.1
net profit margin,1.3,0.0,0.0,3.2,3.2,4.1,5.1,5.9,6.8,7.0,7.2,7.4,8.3,7.7,6.6,6.2,5.5,5.7,7.0,7.1,6.8,6.8,6.7,6.9,6.2,5.2,2.5,-1.7,-5.0,-9.1,0.0,-7.5,-4.1,-2.1
non-current deferred income taxes,0.0,0.0,0.0,0.0,0.0,0.0,0.0,0.0,0.0,0.0,0.0,0.0,0.0,0.0,0.0,0.0,0.0,0.0,0.0,0.0,0.0,0.0,0.0,0.0,0.0,0.0,0.0,0.0,0.0,0.0,0.0,0.0,0.0,0.0
normalized income,0.0,0.0,0.0,0.0,0.0,0.0,0.0,0.0,0.0,0.0,0.0,3.8,6.1,2.8,2.4,3.8,5.5,4.3,6.3,5.4,4.0,4.8,7.0,7.1,3.0,1.5,-3.2,-6.2,-5.2,-6.3,-5.4,-1.6,1.5,-1.1
normalized income per employee,None,None,None,None,27518,None,None,None,64264,None,None,None,87432,None,None,None,63767,None,None,None,80442,None,None,None,72218,None,None,None,-52040,None,None,None,-39162,None
normalized net profit margin,0.0,0.0,0.0,0.0,3.2,0.0,0.0,0.0,6.8,0.0,0.0,0.0,8.3,0.0,6.6,6.2,5.5,5.7,7.0,7.1,6.8,6.8,6.7,6.9,6.2,5.2,2.5,-1.7,-5.0,-9.1,0.0,-7.5,-4.1,-2.1
notes payable,0.0,0.0,0.0,0.0,0.0,0.0,0.0,0.0,0.0,0.0,0.0,0.0,0.0,0.0,0.0,0.0,0.0,0.0,0.0,0.0,0.0,0.0,0.0,0.0,0.0,0.0,0.0,0.0,0.0,0.0,0.0,0.0,0.0,0.0
number of days cost of goods in inventory,None,None,None,None,None,None,None,None,1,None,None,None,1,None,None,1,1,2,2,2,2,3,2,3,3,4,4,4,5,6,None,6,5,6
number of employees,None,None,None,None,None,None,None,None,None,None,None,None,None,None,None,None,None,None,None,None,None,None,None,None,None,None,None,None,None,None,None,None,None,None
number of months last report period,None,3,3,3,3,3,3,3,3,3,3,3,3,3,3,3,3,3,3,3,3,3,3,3,3,3,3,3,3,3,3,3,3,3
number of part-time employees,None,None,None,None,None,None,None,None,None,None,None,None,None,None,None,None,None,None,None,None,None,None,None,None,None,None,None,None,None,None,None,None,None,None
operating gains,0.0,0.0,0.0,0.0,-0.6,0.0,0.0,0.0,-2.7,0.0,0.0,-0.7,-0.3,-0.1,-0.1,-1.0,-1.1,-0.1,-0.2,-0.2,-0.5,-2.2,-2.3,-2.5,-2.0,-0.1,-0.1,-0.2,0.1,-0.0,-0.1,-0.2,1.8,-0.0
operating income,0.0,0.0,0.0,0.0,0.0,0.0,0.0,0.0,0.0,0.0,0.0,0.0,27.4,4.2,0.0,0.0,8.9,7.1,10.1,8.3,6.2,5.4,11.0,11.5,4.7,2.5,-5.3,-9.1,-7.5,-9.9,-7.7,-2.3,5.7,-1.9
other current assets,0.0,0.0,0.0,0.0,0.0,0.0,0.0,0.0,0.0,0.0,0.0,0.0,0.0,2.0,7.6,0.0,0.0,7.8,8.1,9.6,23.8,33.5,19.7,29.2,26.1,28.5,33.1,22.2,15.1,17.1,18.7,21.0,0.9,29.8
other current liabilities,0.0,0.0,0.0,0.0,0.0,0.0,0.0,0.0,0.3,0.0,0.0,2.0,2.3,2.5,0.0,0.0,8.6,9.8,8.0,5.8,5.9,6.8,9.5,6.4,4.7,7.2,5.0,4.6,5.7,11.3,15.8,18.9,21.5,20.2
other equity adjustments,0.0,0.0,0.0,0.0,0.0,0.0,0.0,0.0,0.0,0.0,0.0,0.0,0.0,0.0,0.0,0.0,0.0,0.0,0.0,0.0,0.0,0.0,0.0,0.0,0.0,0.0,0.0,0.0,0.0,0.0,0.0,0.0,0.0,0.0
"other financing charges, net",0.0,0.0,0.0,0.0,-0.3,0.0,0.0,0.0,0.0,0.0,0.0,-0.2,-0.2,-0.1,-0.1,-0.1,-0.1,0.0,1.4,1.5,1.5,0.0,0.1,0.1,0.1,0.0,0.0,0.0,0.0,0.0,0.0,0.0,0.0,0.0
other fixed assets,0.0,0.0,0.0,0.0,0.0,0.0,0.0,0.0,0.0,0.0,0.0,0.0,0.0,0.0,0.0,0.0,0.0,0.0,0.0,0.0,0.0,0.0,0.0,0.0,0.0,0.0,0.0,0.0,0.0,0.0,0.0,0.0,0.0,0.0
other gains/losses,0.0,0.0,0.0,0.0,0.0,0.0,0.0,0.0,0.0,0.0,0.0,0.0,0.0,0.0,0.0,0.0,0.0,0.0,0.0,0.0,0.0,0.0,0.0,0.0,0.0,0.0,0.0,0.0,0.0,0.0,0.0,0.0,0.0,0.0
other income net,0.0,0.0,0.0,0.0,0.0,0.0,0.0,0.0,0.0,0.0,0.0,0.0,0.0,0.0,0.0,0.0,0.0,0.0,0.0,0.0,-0.0,2.2,0.0,0.0,-0.6,0.0,0.0,0.0,0.2,0.2,0.0,0.0,-1.8,0.3
"other investing changes, net",0.0,0.0,0.0,0.0,0.0,0.0,0.0,0.0,0.0,0.0,0.0,0.0,0.0,0.0,0.0,0.0,0.0,0.0,0.0,0.0,0.0,0.0,0.0,0.0,-60.9,0.0,0.0,0.0,0.0,0.0,0.0,0.0,0.0,0.0
other non-cash items,0.0,0.0,0.0,0.0,0.2,0.0,0.0,0.0,0.9,0.0,0.0,1.2,0.9,0.3,0.6,1.0,1.7,0.4,-0.3,0.0,0.6,0.8,1.3,1.5,2.2,0.6,1.1,2.0,3.0,0.8,1.5,2.4,3.1,0.6
other non-current assets,0.0,0.0,0.0,0.0,1.0,0.0,0.0,0.0,2.1,0.0,0.0,0.8,0.8,0.1,0.1,0.1,0.1,0.1,0.1,0.1,0.3,0.2,0.0,0.0,0.4,0.3,0.3,1.7,1.6,1.8,1.6,1.6,2.6,2.5
other non-current liabilities,0.0,0.0,0.0,0.0,0.5,0.0,0.0,0.0,0.5,0.0,0.0,0.4,0.4,0.8,0.8,0.9,0.8,0.8,0.9,0.7,0.8,0.9,0.9,1.0,1.0,0.9,1.0,1.0,0.8,0.8,0.9,0.6,0.7,0.9
other receivable,0.0,0.0,0.0,0.0,8.2,0.0,0.0,0.0,4.9,0.0,0.0,8.9,9.0,6.9,7.0,6.6,10.4,1.5,2.5,2.2,3.0,0.5,5.2,3.0,7.7,17.1,34.9,12.8,21.1,24.3,17.2,2.7,32.3,4.0
other special charges,0.0,0.0,0.0,0.0,0.0,0.0,0.0,0.0,0.0,0.0,0.0,0.0,0.0,0.0,0.0,0.0,0.0,0.0,0.0,0.0,0.0,0.0,0.0,0.0,0.0,0.0,0.0,0.0,0.0,0.0,0.0,0.0,0.0,0.0
payment of cash dividends,0.0,0.0,0.0,0.0,0.0,0.0,0.0,0.0,0.0,0.0,0.0,-40.4,0.0,0.0,0.0,0.0,0.0,0.0,0.0,0.0,0.0,0.0,0.0,0.0,0.0,0.0,0.0,0.0,0.0,0.0,0.0,0.0,0.0,0.0
payout ratio,None,None,None,None,None,None,None,None,None,None,None,None,None,None,None,None,None,None,None,None,None,None,None,None,None,None,None,None,None,None,None,None,None,None
post-tax profit margin,1.3,0.0,0.0,3.2,3.2,4.1,5.1,5.9,6.8,7.0,7.2,7.4,8.3,7.7,6.6,6.2,5.5,5.7,7.0,7.1,6.8,6.8,6.7,6.9,6.2,5.2,2.5,-1.7,-5.0,-9.1,0.0,-7.5,-4.1,-2.1
pre-tax profit margin,0.0,0.0,0.0,0.0,5.4,0.0,0.0,0.0,10.6,0.0,0.0,0.0,13.1,0.0,10.3,9.3,8.3,8.8,10.8,11.2,10.8,10.8,10.5,10.9,9.6,8.0,3.6,-2.8,-7.5,-13.7,0.0,-11.2,-5.7,-2.6
pref. securities of subsid. trust,0.0,0.0,0.0,0.0,0.0,0.0,0.0,0.0,0.0,0.0,0.0,0.0,0.0,0.0,0.0,0.0,0.0,0.0,0.0,0.0,0.0,0.0,0.0,0.0,0.0,0.0,0.0,0.0,0.0,0.0,0.0,0.0,0.0,0.0
preferred dividends,0.0,0.5,0.5,0.5,0.0,0.5,0.5,0.5,0.0,0.3,0.3,0.3,0.0,0.0,0.0,0.0,0.0,0.0,0.0,0.0,0.0,0.0,0.0,0.0,0.0,0.0,0.0,0.0,0.0,0.0,0.0,0.0,0.0,0.0
preferred equity outside stock equity,0.0,0.0,0.0,0.0,0.0,0.0,0.0,0.0,0.0,0.0,0.0,0.0,0.0,0.0,0.0,0.0,0.0,0.0,0.0,0.0,0.0,0.0,0.0,0.0,0.0,0.0,0.0,0.0,0.0,0.0,0.0,0.0,0.0,0.0
preferred secur. of subsid. trust,0.0,0.0,0.0,0.0,0.0,0.0,0.0,0.0,0.0,0.0,0.0,0.0,0.0,0.0,0.0,0.0,0.0,0.0,0.0,0.0,0.0,0.0,0.0,0.0,0.0,0.0,0.0,0.0,0.0,0.0,0.0,0.0,0.0,0.0
preferred shares,0.0,0.0,0.0,0.0,0.0,0.0,0.0,0.0,0.0,0.0,0.0,0.0,0.0,0.0,0.0,0.0,0.0,0.0,0.0,0.0,0.0,0.0,0.0,0.0,0.0,0.0,0.0,0.0,0.0,0.0,0.0,0.0,0.0,0.0
preferred stock equity,0.0,0.0,0.0,0.0,0.0,0.0,0.0,0.0,0.0,0.0,0.0,0.0,0.0,0.0,0.0,0.0,0.0,0.0,0.0,0.0,0.0,0.0,0.0,0.0,0.0,0.0,0.0,0.0,0.0,0.0,0.0,0.0,0.0,0.0
prepaid expenses,0.0,0.0,0.0,0.0,0.2,0.0,0.0,0.0,0.2,0.0,0.0,0.6,0.3,1.2,6.6,8.2,3.2,2.1,1.7,1.8,1.6,1.5,1.7,0.6,2.1,2.8,1.8,1.1,2.5,2.3,2.5,1.6,2.9,2.4
price/cash flow ratio,0.0,0.0,0.0,0.0,0.0,0.0,0.0,0.0,0.0,0.0,0.0,0.0,11.1,0.0,10.1,7.0,6.3,7.9,10.6,13.3,14.5,12.4,9.7,8.1,7.5,7.4,8.4,9.0,19.6,180.8,-139.2,67.5,20.3,18.1
price/equity ratio,0.00,0.00,0.00,0.00,0.00,0.00,0.00,0.00,0.00,0.00,0.00,0.00,3.59,2.77,3.18,2.27,1.97,2.56,3.47,2.53,2.55,2.13,1.62,1.37,1.27,1.16,1.03,0.66,0.77,0.86,0.84,0.90,0.88,1.20
price/free cash flow ratio,0.0,0.0,0.0,0.0,0.0,0.0,0.0,0.0,0.0,0.0,0.0,0.0,-250.0,-8.1,-9.2,-7.0,-8.4,17.0,22.1,24.5,31.9,-5.9,-4.3,-4.3,-14.3,1074.0,62.7,11.1,10.1,-5.4,-9.3,743.0,-21.5,49.7
price/revenue ratio,0.00,0.00,0.00,0.00,0.00,0.00,0.00,0.00,0.00,0.00,0.00,0.00,1.54,1.21,1.32,0.93,0.80,1.01,1.47,1.82,1.93,1.62,1.21,1.00,0.89,0.81,0.74,0.53,0.69,0.85,0.83,0.81,0.68,0.86
price/tangible book ratio,0.00,0.00,0.00,0.00,0.00,0.00,0.00,0.00,0.00,0.00,0.00,0.00,3.69,3.48,3.91,2.72,2.32,2.95,3.90,2.69,2.70,2.46,1.88,1.58,1.46,1.34,1.19,0.76,0.90,1.00,0.99,1.06,1.05,1.43
purchase of  short-term investments,0.0,0.0,0.0,0.0,0.0,0.0,0.0,0.0,0.0,0.0,0.0,0.0,0.0,0.0,0.0,0.0,0.0,0.0,0.0,0.0,0.0,0.0,0.0,0.0,0.0,0.0,0.0,0.0,0.0,0.0,0.0,0.0,0.0,0.0
purchase of long-term investments,0.0,0.0,0.0,0.0,0.0,0.0,0.0,0.0,0.0,0.0,0.0,0.0,0.0,0.0,0.0,0.0,0.0,0.0,0.0,0.0,0.0,0.0,0.0,0.0,0.0,0.0,0.0,0.0,0.0,0.0,0.0,0.0,0.0,0.0
quarterly indicator,4,1,2,3,4,1,2,3,4,1,2,3,4,1,2,3,4,1,2,3,4,1,2,3,4,1,2,3,4,1,2,3,4,1
quick ratio,0.0,0.0,0.0,0.0,1.5,0.0,0.0,0.0,1.3,0.0,0.0,1.9,2.1,2.0,1.6,1.8,2.1,2.1,2.6,4.1,3.6,1.5,1.8,1.6,2.0,2.3,2.3,3.1,3.0,1.5,0.0,1.5,1.7,1.6
receivables,0.0,0.0,0.0,0.0,32.6,0.0,0.0,0.0,29.3,0.0,0.0,41.8,47.5,47.4,42.3,51.6,55.5,36.0,39.4,51.2,36.8,35.3,63.9,51.5,63.6,54.1,42.9,35.7,42.1,49.9,49.8,34.1,77.4,33.9
receivables as % of revenue,0.0,0.0,0.0,0.0,19.5,0.0,0.0,0.0,16.0,0.0,0.0,21.4,22.6,22.2,18.4,21.2,21.2,12.9,13.9,17.0,12.5,11.8,20.3,15.4,18.0,15.2,12.6,12.1,16.2,21.6,0.0,13.7,26.5,10.7
receivables per day sales,0.00,0.00,0.00,0.00,70.20,0.00,0.00,0.00,57.62,0.00,0.00,76.99,81.24,80.02,66.19,76.39,76.26,46.43,50.12,61.15,45.16,42.46,73.00,55.51,64.84,54.60,45.40,43.61,58.31,77.59,0.00,49.39,95.41,38.58
receivables turnover,0.0,0.0,0.0,0.0,0.0,0.0,0.0,0.0,5.9,0.0,0.0,0.0,5.5,0.0,0.0,5.2,5.1,6.7,6.9,5.9,6.4,8.4,6.1,6.5,7.0,8.0,6.4,6.8,4.9,4.5,0.0,7.1,4.9,7.5
repayment of long-term debt,0.0,0.0,0.0,0.0,-9.5,0.0,0.0,0.0,-9.5,0.0,0.0,-23.4,-25.0,0.0,0.0,0.0,-0.9,-0.9,-4.2,-34.1,-34.1,0.0,-0.4,-0.4,-0.4,0.0,0.0,0.0,0.0,0.0,-0.0,-2.5,-5.4,-2.9
repurchase of capital stock,0.0,0.0,0.0,0.0,0.0,0.0,0.0,0.0,-0.0,0.0,0.0,-201.6,-242.0,0.0,0.0,-0.1,-0.1,0.0,0.0,-0.3,0.0,0.0,0.0,0.0,0.0,0.0,-3.0,-3.0,-3.0,0.0,0.0,0.0,0.0,0.0
restricted cash,0.0,0.0,0.0,0.0,0.0,0.0,0.0,0.0,0.0,0.0,0.0,0.0,0.0,0.0,0.0,0.0,0.0,0.0,0.0,0.0,0.0,0.0,0.0,0.0,0.0,0.0,0.0,0.0,0.0,14.0,0.0,0.0,0.0,0.0
retained earnings,0.0,0.0,0.0,0.0,5.7,0.0,0.0,0.0,18.1,0.0,0.0,29.5,35.5,38.4,40.8,44.5,50.0,54.3,60.6,66.0,70.0,74.8,81.8,88.9,91.9,93.5,90.2,84.0,78.8,72.5,67.0,65.5,66.9,65.8
revenue per $  plant (net),0.00,0.00,0.00,0.00,2.39,0.00,0.00,0.00,2.57,0.00,0.00,2.86,3.06,2.48,2.65,2.85,3.11,3.38,3.49,3.75,3.23,1.98,2.02,2.08,2.27,2.32,2.23,1.97,1.78,1.48,0.00,1.63,1.94,2.14
revenue per $ cash,0.00,0.00,0.00,0.00,21.89,0.00,0.00,0.00,9.87,0.00,0.00,13.56,16.72,13.56,15.87,12.81,10.18,6.71,6.43,2.77,2.80,13.13,19.96,11.68,15.24,15.02,13.78,8.38,6.67,14.71,0.00,4.95,6.78,6.89
revenue per $ common equity,0.00,0.00,0.00,0.00,4.11,0.00,0.00,0.00,3.44,0.00,0.00,2.32,2.34,2.29,2.40,2.44,2.48,2.53,2.36,1.39,1.32,1.31,1.34,1.37,1.43,1.43,1.40,1.24,1.11,1.02,0.00,1.12,1.30,1.41
revenue per $ invested capital,0.00,0.00,0.00,0.00,2.37,0.00,0.00,0.00,2.53,0.00,0.00,2.32,2.34,1.68,1.80,1.85,1.96,2.03,1.93,1.39,1.32,1.31,1.34,1.37,1.43,1.43,1.40,1.24,1.11,1.02,0.00,1.12,1.30,1.36
revenue per share,1.95,0.00,0.00,7.50,10.00,10.30,10.54,10.78,11.02,8.69,8.88,9.07,9.75,9.88,10.67,11.28,12.14,12.95,12.90,11.26,10.93,11.13,11.72,12.41,13.08,13.21,12.74,10.88,9.58,8.54,0.00,9.16,10.73,11.61
revenue/assets,0.0,0.0,0.0,0.0,1.5,0.0,0.0,0.0,1.5,0.0,0.0,1.5,1.6,1.2,1.3,1.3,1.4,1.5,1.5,1.1,1.1,1.1,1.1,1.1,1.1,1.2,1.2,1.0,0.9,0.8,0.0,0.8,0.9,1.0
sale of long-term investments,0.0,0.0,0.0,0.0,0.0,0.0,0.0,0.0,0.0,0.0,0.0,0.0,0.0,0.0,0.0,0.0,0.0,0.0,0.0,0.0,0.0,0.0,0.0,0.0,0.0,0.0,0.0,0.0,0.0,0.0,0.0,0.0,0.0,0.0
sale of short-term investments,0.0,0.0,0.0,0.0,0.0,0.0,0.0,0.0,0.0,0.0,0.0,0.0,0.0,0.0,0.0,0.0,0.0,0.0,0.0,0.0,0.0,0.0,0.0,0.0,0.0,0.0,0.0,0.0,0.0,0.0,0.0,0.0,0.0,0.0
sales per $ inventory,0.00,0.00,0.00,0.00,299.85,0.00,0.00,0.00,348.44,0.00,0.00,341.94,325.63,333.90,352.49,371.78,354.75,244.96,185.17,172.88,199.38,137.67,215.87,141.80,118.07,98.03,82.99,86.76,77.31,69.78,0.00,69.90,67.07,62.28
sales per $ receivables,0.00,0.00,0.00,0.00,5.13,0.00,0.00,0.00,6.25,0.00,0.00,4.68,4.43,4.50,5.44,4.71,4.72,7.75,7.18,5.89,7.97,8.48,4.93,6.49,5.55,6.59,7.93,8.25,6.17,4.64,0.00,7.29,3.77,9.33
sales per employee,None,None,None,None,866917,None,None,None,949627,None,None,None,1057085,None,None,None,1153313,None,None,None,1178691,None,None,None,1165462,None,None,None,1031159,None,None,None,963835,None
shares out (common class only),16.7,16.7,16.7,16.7,16.7,16.6,16.6,16.6,16.6,21.6,21.6,21.6,21.6,21.6,21.6,21.6,21.6,21.6,21.9,26.8,26.8,26.9,26.9,26.9,27.0,27.0,26.7,27.1,27.1,27.1,27.1,27.2,27.2,27.2
short-term debt,0.0,0.0,0.0,0.0,4.6,0.0,0.0,0.0,5.8,0.0,0.0,1.6,0.0,1.8,2.6,3.5,5.9,5.9,3.5,0.0,0.0,0.0,0.0,0.0,0.0,0.0,0.0,0.0,0.0,13.0,13.0,10.5,12.6,1.6
special income charges,0.0,0.0,0.0,0.0,0.0,0.0,0.0,0.0,0.0,0.0,0.0,0.0,0.0,0.0,0.0,0.0,0.0,0.0,0.0,0.0,0.0,0.0,0.0,0.0,0.0,0.0,0.0,0.0,0.0,0.0,0.0,0.0,0.0,0.0
tangible book value per share,0.00,0.00,0.00,0.00,2.29,0.00,0.00,0.00,3.05,0.00,0.00,3.80,4.06,3.43,3.61,3.85,4.17,4.44,4.87,7.64,7.81,7.33,7.56,7.86,7.95,8.03,7.91,7.59,7.43,7.22,0.00,7.02,6.97,6.96
total assets per share,0.00,0.00,0.00,0.00,6.85,0.00,0.00,0.00,7.52,0.00,0.00,6.01,6.19,8.01,8.20,8.47,8.64,8.68,8.70,10.01,10.18,10.38,10.87,11.37,11.39,11.15,10.99,10.43,10.44,10.86,0.00,10.96,11.66,11.12
total capitalization,0.0,0.0,0.0,0.0,70.7,0.0,0.0,0.0,72.4,0.0,0.0,84.4,90.1,126.4,128.2,131.3,133.8,137.6,146.5,217.0,221.7,227.6,235.4,243.0,246.9,249.0,243.5,238.0,233.6,228.1,223.4,222.8,225.2,233.1
total debt as % total assets,0.0,0.0,0.0,0.0,64.5,0.0,0.0,0.0,57.4,0.0,0.0,34.9,32.5,46.1,45.8,45.4,43.3,41.1,37.1,19.0,18.9,18.4,19.5,20.6,19.7,17.3,17.1,15.9,17.5,22.6,0.0,25.2,29.0,25.8
total debt/equity ratio,0.00,0.00,0.00,0.00,0.85,0.00,0.00,0.00,0.47,0.00,0.00,0.02,0.00,0.38,0.37,0.35,0.32,0.30,0.25,0.00,0.00,0.00,0.00,0.00,0.00,0.00,0.00,0.00,0.00,0.06,0.00,0.05,0.06,0.04
total non-current assets,0.0,0.0,0.0,0.0,73.4,0.0,0.0,0.0,75.9,0.0,0.0,71.7,72.0,105.3,104.8,102.3,99.9,97.1,94.3,92.9,103.2,182.0,188.3,191.8,187.8,186.2,185.0,183.4,179.9,190.9,187.8,186.0,188.7,186.0
total ordinary shares,0.0,0.0,0.0,0.0,0.0,0.0,0.0,0.0,0.0,0.0,0.0,0.0,0.0,0.0,0.0,0.0,0.0,0.0,0.0,0.0,0.0,0.0,0.0,0.0,0.0,0.0,0.0,0.0,0.0,0.0,0.0,0.0,0.0,0.0
total revenue,0.0,41.8,41.8,41.8,0.0,45.8,45.8,45.8,0.0,49.9,49.9,49.9,60.6,52.6,67.1,62.9,79.2,70.0,70.8,81.5,71.2,75.6,87.1,100.0,90.4,79.1,70.9,54.6,55.3,50.9,67.1,75.4,98.6,75.1
treasury shares,0.0,0.0,0.0,0.0,0.0,0.1,0.1,0.1,0.1,0.0,0.0,0.0,0.0,0.0,0.0,0.0,0.0,0.0,0.0,0.0,0.0,0.0,0.0,0.0,0.0,0.0,0.3,0.3,0.3,0.3,0.3,0.3,0.3,0.3
treasury stock,0.0,0.0,0.0,0.0,0.0,0.0,0.0,0.0,-0.0,0.0,0.0,0.0,0.0,0.0,0.0,0.0,0.0,0.0,0.0,0.0,0.0,0.0,0.0,0.0,0.0,0.0,-3.0,-3.0,-3.0,-3.0,-3.0,-3.0,-3.0,-3.0
working capital,0.0,0.0,0.0,0.0,14.7,0.0,0.0,0.0,13.0,0.0,0.0,28.3,32.5,35.1,37.0,42.1,47.0,53.4,64.8,136.2,130.8,57.9,59.6,64.3,76.7,81.4,79.0,76.8,75.8,59.3,54.8,54.6,55.8,65.9
working capital as % of price,0.0,0.0,0.0,0.0,0.0,0.0,0.0,0.0,0.0,0.0,0.0,0.0,10.0,13.6,12.1,18.6,22.6,18.9,15.5,24.8,23.1,12.0,15.6,19.3,24.5,28.1,31.5,49.0,42.1,30.3,29.0,27.1,28.0,24.3
working capital per share,0.00,0.00,0.00,0.00,0.88,0.00,0.00,0.00,0.78,0.00,0.00,1.31,1.50,1.63,1.71,1.95,2.18,2.48,2.95,5.09,4.87,2.16,2.21,2.39,2.84,3.02,2.96,2.83,2.80,2.19,0.00,2.01,2.05,2.42
working captial as % of equity,0.0,0.0,0.0,0.0,36.2,0.0,0.0,0.0,24.4,0.0,0.0,33.5,36.0,37.6,38.6,42.1,44.5,48.4,54.0,62.8,59.0,25.4,25.3,26.4,31.1,32.7,32.5,32.3,32.5,26.0,0.0,24.5,24.8,29.3
